customer_tweet_id,customer_message_review,brand_response,human_correctness,human_helpfulness,human_relevance,human_groundedness,human_overall,human_pass,human_notes,draft_reply_review,customer_message_judge,draft_reply_judge,best_similarity,correctness,helpfulness,relevance,groundedness,overall_score,pass,short_reason
2624901,"@AppleSupport Progressively getting worse, hence why I need you to run a diag tool so I can determine if I need to replace battery? https\://t.co/xnurVSoD5Q",@741478 Understood. Let's take a look at this further in DM. https\://t.co/GDrqU22YpT,3.0,2.0,4.0,4.0,3.0,False,"Relevant handoff, but it does not address the requested battery diagnostic or replacement question.","Thanks for reaching out. We'd be happy to help.

Understood. Let's take a look at this further in direct message.

If this doesn't resolve the issue, please contact Apple Support so we can take a closer look.","@AppleSupport Progressively getting worse, hence why I need you to run a diag tool so I can determine if I need to replace battery? https\://t.co/xnurVSoD5Q","Thanks for reaching out. We'd be happy to help.

Understood. Let's take a look at this further in direct message.

If this doesn't resolve the issue, please contact Apple Support so we can take a closer look.",0.942876546114694,4,3,4,4,4,True,"The reply appropriately directs the customer to continue in direct messages, matching the strongest historical evidence, but it does not explain how the battery diagnostic will be performed and adds a generic escalation statement."
1773730,@AppleSupport Does Apple no longer sell a wired USB keyboard??,@202812 Hi! Great question. Our Online Sales Team can help out with keyboards. Reach them here: https\://t.co/8yjRd1Xo0i,4.0,4.0,5.0,5.0,4.0,True,"Directly addresses the keyboard sales question and points to the appropriate sales team, though the removed link weakens the actionable detail.","Thanks for reaching out. We'd be happy to help.

Hi! Great question. Our Online Sales Team can help out with keyboards. Reach them here:

If this doesn't resolve the issue, please contact Apple Support so we can take a closer look.",@AppleSupport Does Apple no longer sell a wired USB keyboard??,"Thanks for reaching out. We'd be happy to help.

Hi! Great question. Our Online Sales Team can help out with keyboards. Reach them here:

If this doesn't resolve the issue, please contact Apple Support so we can take a closer look.",1.0,4,3,5,4,4,True,"The reply correctly directs the customer to Apple's Online Sales Team, matching the historical response, but it omits the provided contact link and adds a generic support fallback."
286211,Getting distorted outgoing Voice msg quality w the last update to #iPhone &amp; #WhatsApp @4305 @AppleSupport Bluetooth is off but sounds on,@184189 Let's team up to figure out the best path forward. Reach out via DM and we'll take a look. https\://t.co/GDrqU22YpT,3.0,3.0,4.0,4.0,3.0,False,"Acknowledges the audio problem and offers follow-up, but provides no concrete troubleshooting step.","Thanks for reaching out. We'd be happy to help.

Let's team up to figure out the best path forward. Reach out via direct message and we'll take a look.

If this doesn't resolve the issue, please contact Apple Support so we can take a closer look.",Getting distorted outgoing Voice msg quality w the last update to #iPhone &amp; #WhatsApp @4305 @AppleSupport Bluetooth is off but sounds on,"Thanks for reaching out. We'd be happy to help.

Let's team up to figure out the best path forward. Reach out via direct message and we'll take a look.

If this doesn't resolve the issue, please contact Apple Support so we can take a closer look.",1.0000000000000004,4,3,5,5,4,True,"The reply closely matches the historical support response and appropriately directs the customer to continue via direct message, but it provides no specific troubleshooting for the distorted WhatsApp audio issue."
2132077,"@AppleSupport doesn't happen with wi-fi. it's the first time that happens. I did not have ""on"" the wifi nor the cellular data, when i turned on the data, it froze for at least 30 mins. (the reset function did not work)","@627432 We'd like to find out why this happens. To start when you attempt a restart, were you use the steps shown? https\://t.co/o7nB3pXfMv",4.0,4.0,5.0,5.0,4.0,True,Asks a relevant restart question based on the reported freezing behavior and is grounded in the historical response.,"Thanks for reaching out. We'd be happy to help.

We'd like to find out why this happens. To start when you attempt a restart, were you use the steps shown?

If this doesn't resolve the issue, please contact Apple Support so we can take a closer look.","@AppleSupport doesn't happen with wi-fi. it's the first time that happens. I did not have ""on"" the wifi nor the cellular data, when i turned on the data, it froze for at least 30 mins. (the reset function did not work)","Thanks for reaching out. We'd be happy to help.

We'd like to find out why this happens. To start when you attempt a restart, were you use the steps shown?

If this doesn't resolve the issue, please contact Apple Support so we can take a closer look.",1.0,3,2,4,4,3,False,"The reply is relevant and broadly consistent with the historical response, but it does not provide the restart instructions or link, contains awkward wording, and offers little actionable help beyond referring the customer to Apple Support."
228552,@AppleSupport Why don't the iPads have a Calculator?,@170492 We'd like to look into this. Which iPad and software version are you using?,2.0,2.0,4.0,4.0,2.0,False,The reply asks for device/version details but does not answer the user's product-feature question about Calculator on iPad.,"Thanks for reaching out. We'd be happy to help.

We'd like to look into this. Which iPad and software version are you using?

If this doesn't resolve the issue, please contact Apple Support so we can take a closer look.",@AppleSupport Why don't the iPads have a Calculator?,"Thanks for reaching out. We'd be happy to help.

We'd like to look into this. Which iPad and software version are you using?

If this doesn't resolve the issue, please contact Apple Support so we can take a closer look.",1.0,2,2,3,5,2,False,"The reply matches the historical response and is grounded in the evidence, but it does not answer the customer's informational question about why iPads lack a Calculator app. Asking for the iPad model and software version is unnecessary for this request."
543708,".\@AppleSupport @115858 - how come there isn't already information here about the widely reported ""2nd December"" bug - my phone keeps crashing/re-starting. I'm due an upgrade and so if this isn't fixed soon and fully I'll be choosing @122986 #Pixel2 Poor.........","@246296 We want your iPhone to function properly for you. Check out this support article, which addresses the issue you're experiencing: https\://t.co/Wc5MHFZb0p",4.0,4.0,5.0,4.0,4.0,True,"Relevant to the reported crash/restart bug and points toward the historical support guidance, although the actual article link was removed.","Thanks for reaching out. We'd be happy to help.

We want your iPhone to function properly for you. Check out this support article, which addresses the issue you're experiencing:

If this doesn't resolve the issue, please contact Apple Support so we can take a closer look.",".\@AppleSupport @115858 - how come there isn't already information here about the widely reported ""2nd December"" bug - my phone keeps crashing/re-starting. I'm due an upgrade and so if this isn't fixed soon and fully I'll be choosing @122986 #Pixel2 Poor.........","Thanks for reaching out. We'd be happy to help.

We want your iPhone to function properly for you. Check out this support article, which addresses the issue you're experiencing:

If this doesn't resolve the issue, please contact Apple Support so we can take a closer look.",1.0,3,2,4,4,3,False,"The reply is relevant and consistent with the historical response, but it omits the support article link and provides no specific troubleshooting or information about the reported bug, making it minimally actionable."
2730400,"@AppleSupport 

It’s happening again. Is there going to be an update to address this, or this just the “new normal”? https\://t.co/gnWFaWgh1I",@498939 That should not be happening. Which version of iOS are you using? You can check in Settings &gt; General &gt; About.,4.0,4.0,5.0,5.0,4.0,True,"Requests the iOS version, which is a relevant diagnostic step and is directly grounded in the historical response.","Thanks for reaching out. We'd be happy to help.

That should not be happening. Which version of iOS are you using? You can check in Settings &gt; General &gt; About.

If this doesn't resolve the issue, please contact Apple Support so we can take a closer look.","@AppleSupport 

It’s happening again. Is there going to be an update to address this, or this just the “new normal”? https\://t.co/gnWFaWgh1I","Thanks for reaching out. We'd be happy to help.

That should not be happening. Which version of iOS are you using? You can check in Settings &gt; General &gt; About.

If this doesn't resolve the issue, please contact Apple Support so we can take a closer look.",0.9310861072911982,4,4,5,5,4,True,"The reply closely matches the strongest historical response and appropriately asks for the iOS version, but it does not directly address the customer's question about whether an update is planned."
2552419,@AppleSupport since upgrading the Apple Watch software the battery drains very quickly,@351168 We’d be glad to look into that more. Can you start by confirming what model Watch you have as well as the current WatchOS and iOS version your devices have installed? Let us know in DM. https\://t.co/GDrqU22YpT,5.0,5.0,5.0,5.0,5.0,True,"Requests the Watch model and software versions, which is highly relevant to battery troubleshooting and matches the historical resolution.","Thanks for reaching out. We'd be happy to help.

We’d be glad to look into that more. Can you start by confirming what model Watch you have as well as the current WatchOS and iOS version your devices have installed? Let us know in direct message.

If this doesn't resolve the issue, please contact Apple Support so we can take a closer look.",@AppleSupport since upgrading the Apple Watch software the battery drains very quickly,"Thanks for reaching out. We'd be happy to help.

We’d be glad to look into that more. Can you start by confirming what model Watch you have as well as the current WatchOS and iOS version your devices have installed? Let us know in direct message.

If this doesn't resolve the issue, please contact Apple Support so we can take a closer look.",1.0,4,4,5,5,4,True,"The reply closely matches the supported response by requesting the Watch model and current watchOS/iOS versions and moving the investigation to direct messages. It is relevant and appropriate, though it offers no immediate troubleshooting and redundantly suggests contacting Apple Support."
2743018,"@AppleSupport you suck so bad. I hate you. Waiting forever for @118721 to load, you never seem to like my recently created password. Then iTunes just hangs, as you can see in this photo.  What a waste of time. https\://t.co/P6cRmsXDbP",@768328 We want you to be able to use iTunes consistently. What version of iTunes are you on currently? Let us know in DM. https\://t.co/GDrqU22YpT,4.0,4.0,5.0,5.0,4.0,True,Asks for the iTunes version and moves toward diagnosis; it is relevant despite not resolving the password issue directly.,"Thanks for reaching out. We'd be happy to help.

We want you to be able to use iTunes consistently. What version of iTunes are you on currently? Let us know in direct message.

If this doesn't resolve the issue, please contact Apple Support so we can take a closer look.","@AppleSupport you suck so bad. I hate you. Waiting forever for @118721 to load, you never seem to like my recently created password. Then iTunes just hangs, as you can see in this photo.  What a waste of time. https\://t.co/P6cRmsXDbP","Thanks for reaching out. We'd be happy to help.

We want you to be able to use iTunes consistently. What version of iTunes are you on currently? Let us know in direct message.

If this doesn't resolve the issue, please contact Apple Support so we can take a closer look.",0.9691441627654472,4,3,5,5,4,True,"The reply closely matches the historically supported response and appropriately asks for the iTunes version via direct message. However, it offers little immediate troubleshooting and redundantly directs the customer to contact Apple Support."
2355893,"@AppleSupport Why when I delete emails from my mail app, do they reappear seconds later??",@680608 We're here for you. DM us which device you're using and we'll go from there. https\://t.co/GDrqU22YpT,3.0,3.0,5.0,5.0,3.0,False,"Relevant device-specific follow-up, but it provides no troubleshooting for emails reappearing.","Thanks for reaching out. We'd be happy to help.

We're here for you. direct message us which device you're using and we'll go from there.

If this doesn't resolve the issue, please contact Apple Support so we can take a closer look.","@AppleSupport Why when I delete emails from my mail app, do they reappear seconds later??","Thanks for reaching out. We'd be happy to help.

We're here for you. direct message us which device you're using and we'll go from there.

If this doesn't resolve the issue, please contact Apple Support so we can take a closer look.",1.0,4,3,5,5,4,True,"The reply closely matches the historical support response and appropriately asks for the device to provide tailored steps, but it does not explain why deleted emails reappear or offer immediate troubleshooting."
994499,@AppleSupport Just upgraded to 11.0.3 and it killed my cell service. How do I fix this?,@355563 Let's get your cell service back in action. What exactly is happening with your service?,4.0,4.0,5.0,5.0,4.0,True,"Asks what is happening with cellular service, a sensible diagnostic follow-up grounded in the historical response.","Thanks for reaching out. We'd be happy to help.

Let's get your cell service back in action. What exactly is happening with your service?

If this doesn't resolve the issue, please contact Apple Support so we can take a closer look.",@AppleSupport Just upgraded to 11.0.3 and it killed my cell service. How do I fix this?,"Thanks for reaching out. We'd be happy to help.

Let's get your cell service back in action. What exactly is happening with your service?

If this doesn't resolve the issue, please contact Apple Support so we can take a closer look.",1.0,4,3,5,4,4,True,"The reply appropriately asks what aspect of cell service is failing, matching the historical support response, but it does not provide any immediate troubleshooting steps or a specific fix."
2816413,@AppleSupport i have vibrate disabled but my phone still vibrates when i use TouchID to make a purchase in the app store help,"@785135 We want to help you with Vibration and your iPhone. DM us, and let us know which iPhone you have. We'll look into this. https\://t.co/GDrqU22YpT",4.0,4.0,5.0,5.0,4.0,True,"Requests the iPhone model and offers further investigation, appropriately matching the vibration issue.","Thanks for reaching out. We'd be happy to help.

We want to help you with Vibration and your iPhone. direct message us, and let us know which iPhone you have. We'll look into this.

If this doesn't resolve the issue, please contact Apple Support so we can take a closer look.",@AppleSupport i have vibrate disabled but my phone still vibrates when i use TouchID to make a purchase in the app store help,"Thanks for reaching out. We'd be happy to help.

We want to help you with Vibration and your iPhone. direct message us, and let us know which iPhone you have. We'll look into this.

If this doesn't resolve the issue, please contact Apple Support so we can take a closer look.",1.0000000000000002,4,3,5,5,4,True,"The reply directly addresses the vibration issue and appropriately requests a direct message with the iPhone model, closely matching the historical support response. However, it offers no immediate troubleshooting or explanation for why Touch ID may still vibrate."
2263467,"@AppleSupport Yes. I thought it was really weird because the first time I added it, it said I couldn’t play it. Then, I deleted it and re-installed it. Now, it works.",@394453 We're glad to hear that.  Don't hesitate to contact us again in the future should you need us.,5.0,5.0,5.0,5.0,5.0,True,Appropriately acknowledges that the issue is resolved and gives a suitable closing response.,"Thanks for reaching out. We'd be happy to help.

We're glad to hear that. Don't hesitate to contact us again in the future should you need us.

If this doesn't resolve the issue, please contact Apple Support so we can take a closer look.","@AppleSupport Yes. I thought it was really weird because the first time I added it, it said I couldn’t play it. Then, I deleted it and re-installed it. Now, it works.","Thanks for reaching out. We'd be happy to help.

We're glad to hear that. Don't hesitate to contact us again in the future should you need us.

If this doesn't resolve the issue, please contact Apple Support so we can take a closer look.",1.0,4,3,4,5,4,True,"The reply appropriately acknowledges that reinstalling resolved the issue and offers future assistance, closely matching the historical support response. The extra troubleshooting disclaimer is generic and somewhat unnecessary since the customer reports the issue is resolved."
2920059,@AppleSupport Done. It would be appreciated if you passed this request on to the powers that be as well.,@116796 Thanks for providing your feedback. We value your feedback and recommendations. Please know that your feedback is reviewed. DM us with any additional questions. We're happy to do everything we can to help. https\://t.co/GDrqU22YpT,4.0,4.0,5.0,5.0,4.0,True,"Acknowledges feedback and offers continued help, though the generic escalation sentence is unnecessary.","Thanks for reaching out. We'd be happy to help.

Thanks for providing your feedback. We value your feedback and recommendations. Please know that your feedback is reviewed. direct message us with any additional questions. We're happy to do everything we can to help.

If this doesn't resolve the issue, please contact Apple Support so we can take a closer look.",@AppleSupport Done. It would be appreciated if you passed this request on to the powers that be as well.,"Thanks for reaching out. We'd be happy to help.

Thanks for providing your feedback. We value your feedback and recommendations. Please know that your feedback is reviewed. direct message us with any additional questions. We're happy to do everything we can to help.

If this doesn't resolve the issue, please contact Apple Support so we can take a closer look.",1.0000000000000002,4,4,4,4,4,True,"The reply appropriately acknowledges the feedback and explains that it is reviewed, closely matching the historical support response. It includes some unnecessary generic troubleshooting language and an unsupported escalation suggestion, but the core response is relevant and appropriate."
2472878,.\@AppleSupport tip: iMessage- bring feature to allow you to pin individual or group chats. Thanks.,"@303769 We always appreciate feedback you can use our feedback link here to tell us more: https\://t.co/eTPVYVFyd8

Just reach out again if you have any other issues and have a good one!",3.0,3.0,4.0,3.0,3.0,False,"Recognizes feedback, but the missing feedback-link destination makes the response less actionable and the closing is generic.","Thanks for reaching out. We'd be happy to help.

We always appreciate feedback you can use our feedback link here to tell us more: Just reach out again if you have any other issues and have a good one!

If this doesn't resolve the issue, please contact Apple Support so we can take a closer look.",.\@AppleSupport tip: iMessage- bring feature to allow you to pin individual or group chats. Thanks.,"Thanks for reaching out. We'd be happy to help.

We always appreciate feedback you can use our feedback link here to tell us more: Just reach out again if you have any other issues and have a good one!

If this doesn't resolve the issue, please contact Apple Support so we can take a closer look.",1.0,3,3,4,4,3,False,"The reply appropriately directs the customer to submit feedback, consistent with the historical response, but it omits the actual feedback link and includes generic troubleshooting language that does not fit a feature request."
2436025,"@AppleSupport Yes, on my IPhone. I️t tries to autocorrect in iMessage. It also appears on Facebook and Twitter.","@698912 Next, which iOS version are you using? Does restarting the iPhone help?",4.0,4.0,5.0,5.0,4.0,True,"Asks about iOS version and restart behavior, both relevant diagnostic questions for the autocorrect issue.","Thanks for reaching out. We'd be happy to help.

Next, which iOS version are you using? Does restarting the iPhone help?

If this doesn't resolve the issue, please contact Apple Support so we can take a closer look.","@AppleSupport Yes, on my IPhone. I️t tries to autocorrect in iMessage. It also appears on Facebook and Twitter.","Thanks for reaching out. We'd be happy to help.

Next, which iOS version are you using? Does restarting the iPhone help?

If this doesn't resolve the issue, please contact Apple Support so we can take a closer look.",1.0,4,4,5,4,4,True,"The reply closely matches the strongest historical response and appropriately asks for the iOS version and whether restarting helps. It is relevant and grounded, though it could be more helpful by checking Text Replacements, a troubleshooting step supported by related evidence."
2367724,@AppleSupport having issues with music purchased on iTunes it will not show up on my iPod in any playlists,@683370 We've responded to your DM. Please join us there.,2.0,2.0,4.0,5.0,2.0,False,The direct-message handoff is consistent with the historical response but does not help troubleshoot the missing music.,"Thanks for reaching out. We'd be happy to help.

We've responded to your direct message. Please join us there.

If this doesn't resolve the issue, please contact Apple Support so we can take a closer look.",@AppleSupport having issues with music purchased on iTunes it will not show up on my iPod in any playlists,"Thanks for reaching out. We'd be happy to help.

We've responded to your direct message. Please join us there.

If this doesn't resolve the issue, please contact Apple Support so we can take a closer look.",1.0,4,4,5,5,4,True,"The reply appropriately directs the customer to the existing direct message, matching the exact historical support response. It is relevant and grounded, though it provides no troubleshooting details in the public reply."
1774500,@AppleSupport Well thank you for replying. I figured it was glitch so I understand but it’s truly frustrating. Thanks for the temp solution 💕,@533284 It's our pleasure. Feel free to reach out if any questions come up.,5.0,5.0,5.0,5.0,5.0,True,The customer indicates the issue is resolved; the appreciative closing is appropriate.,"Thanks for reaching out. We'd be happy to help.

It's our pleasure. Feel free to reach out if any questions come up.

If this doesn't resolve the issue, please contact Apple Support so we can take a closer look.",@AppleSupport Well thank you for replying. I figured it was glitch so I understand but it’s truly frustrating. Thanks for the temp solution 💕,"Thanks for reaching out. We'd be happy to help.

It's our pleasure. Feel free to reach out if any questions come up.

If this doesn't resolve the issue, please contact Apple Support so we can take a closer look.",1.0000000000000004,4,3,4,4,4,True,"The reply appropriately acknowledges the customer's thanks and matches the historical response, but the additional generic escalation language is unnecessary since the customer indicates the temporary solution helped."
1845369,@AppleSupport this update is booboo. Crap. Shitake. I want my flip phone back.,@274379 We want to make sure iOS 11 is running great on your iPhone. Could you join us in DM with more details on what you're seeing? https\://t.co/GDrqU22YpT,3.0,3.0,4.0,4.0,3.0,False,"Acknowledges the update complaint and requests more details, but offers little concrete help.","Thanks for reaching out. We'd be happy to help.

We want to make sure iOS 11 is running great on your iPhone. Could you join us in direct message with more details on what you're seeing?

If this doesn't resolve the issue, please contact Apple Support so we can take a closer look.",@AppleSupport this update is booboo. Crap. Shitake. I want my flip phone back.,"Thanks for reaching out. We'd be happy to help.

We want to make sure iOS 11 is running great on your iPhone. Could you join us in direct message with more details on what you're seeing?

If this doesn't resolve the issue, please contact Apple Support so we can take a closer look.",1.0,4,4,4,4,4,True,"The reply appropriately acknowledges the vague iOS 11 complaint and asks the customer to continue in direct message, closely matching the historical support response. The extra generic closing is somewhat redundant but not harmful."
1773448,@AppleSupport fix the goddamn “I” issue.,@533007 Here’s what you can do to work around the issue until it’s fixed in a future software update: https\://t.co/xXaXeeSRt9,4.0,4.0,5.0,5.0,4.0,True,"Relevant to the known keyboard 'I' issue and points to the historical workaround, although the actual instructions were removed with the URL.","Thanks for reaching out. We'd be happy to help.

Here’s what you can do to work around the issue until it’s fixed in a future software update:

If this doesn't resolve the issue, please contact Apple Support so we can take a closer look.",@AppleSupport fix the goddamn “I” issue.,"Thanks for reaching out. We'd be happy to help.

Here’s what you can do to work around the issue until it’s fixed in a future software update:

If this doesn't resolve the issue, please contact Apple Support so we can take a closer look.",1.0000000000000002,3,2,4,4,2,False,"The reply recognizes the known issue and appropriately mentions a workaround pending a software update, but it omits the essential workaround link or instructions, so it does not meaningfully help the customer resolve the problem."
195999,@AppleSupport Yes I am 🙂,@162112 Bluetooth and Wi-Fi work differently when turned off in Control Center. You can read more here: https\://t.co/G7BHuQnDS6,3.0,2.0,3.0,3.0,2.0,False,The reply appears mismatched to the visible customer message and refers to a battery issue without enough context.,"Thanks for reaching out. We'd be happy to help.

OK, great. Let's take a closer look at this battery issue together. Please direct message us and we'll continue working together there.

If this doesn't resolve the issue, please contact Apple Support so we can take a closer look.",@AppleSupport Yes I am 🙂,"Thanks for reaching out. We'd be happy to help.

OK, great. Let's take a closer look at this battery issue together. Please direct message us and we'll continue working together there.

If this doesn't resolve the issue, please contact Apple Support so we can take a closer look.",1.0,4,4,4,4,4,True,"The reply appropriately acknowledges the customer and directs them to continue troubleshooting the battery issue via direct message, matching the strongest historical evidence. The generic fallback to contact Apple Support is redundant and not specifically supported."
2771772,"@AppleSupport Been told I’ve got to fly to Japan to get it fixed, seems a bit impractical","@206342 We'll be happy to explore all the options available to you. To clarify, did you purchase your iPhone in Japan? Also, what issues are you having with it? In what country are you in now?",5.0,5.0,5.0,5.0,5.0,True,Asks exactly the contextual questions needed for an international repair/warranty situation and avoids making unsupported claims.,"Thanks for reaching out. We'd be happy to help.

We'll be happy to explore all the options available to you. To clarify, did you purchase your iPhone in Japan? Also, what issues are you having with it? In what country are you in now?

If this doesn't resolve the issue, please contact Apple Support so we can take a closer look.","@AppleSupport Been told I’ve got to fly to Japan to get it fixed, seems a bit impractical","Thanks for reaching out. We'd be happy to help.

We'll be happy to explore all the options available to you. To clarify, did you purchase your iPhone in Japan? Also, what issues are you having with it? In what country are you in now?

If this doesn't resolve the issue, please contact Apple Support so we can take a closer look.",1.0,4,4,5,5,4,True,"The reply closely matches the supported historical response and appropriately asks for the purchase country, issue, and current location to explore alternatives to traveling to Japan. The final instruction to contact Apple Support is somewhat redundant, but does not materially detract."
1998482,"@AppleSupport Any idea why my iPhone said ""Invalid SIM"" at the top...?","@162652 Thanks for reaching out to us today! To start, DM us know which iPhone and iOS version you're experiencing this issue on. https\://t.co/GDrqU22YpT",4.0,4.0,5.0,5.0,4.0,True,"Requests the iPhone model and iOS version, which are relevant to diagnosing an Invalid SIM issue.","Thanks for reaching out. We'd be happy to help.

Thanks for reaching out to us today! To start, direct message us know which iPhone and iOS version you're experiencing this issue on.

If this doesn't resolve the issue, please contact Apple Support so we can take a closer look.","@AppleSupport Any idea why my iPhone said ""Invalid SIM"" at the top...?","Thanks for reaching out. We'd be happy to help.

Thanks for reaching out to us today! To start, direct message us know which iPhone and iOS version you're experiencing this issue on.

If this doesn't resolve the issue, please contact Apple Support so we can take a closer look.",1.0,4,3,5,5,4,True,"The reply closely matches the historical Apple Support response and appropriately asks for the iPhone model and iOS version, but it offers little immediate troubleshooting and contains awkward wording."
1024586,@AppleSupport is there something I can do to have the autocorrect stop? The new iOS is changing simple words like food to good in my texts.,"@362452 Let's help tailor the Settings to your preference. For a full breakdown on this, please view: https\://t.co/U5VKSTl2CD",3.0,3.0,5.0,4.0,3.0,False,"The response points toward settings but loses the actual support link, leaving the customer without the promised instructions.","Thanks for reaching out. We'd be happy to help.

Let's help tailor the Settings to your preference. For a full breakdown on this, please view:

If this doesn't resolve the issue, please contact Apple Support so we can take a closer look.",@AppleSupport is there something I can do to have the autocorrect stop? The new iOS is changing simple words like food to good in my texts.,"Thanks for reaching out. We'd be happy to help.

Let's help tailor the Settings to your preference. For a full breakdown on this, please view:

If this doesn't resolve the issue, please contact Apple Support so we can take a closer look.",1.0000000000000002,2,1,4,4,2,False,"The reply is relevant and echoes the supported Settings guidance, but it omits the necessary help link and provides no actionable steps, so it would not meaningfully help the customer."
1507293,@AppleSupport what is going on?,@469822 Hey there. We have your DM. We'll respond there to help out. Thank you.,3.0,2.0,4.0,5.0,3.0,False,"A direct-message handoff is reasonable for a vague request, but it offers little immediate help.","Thanks for reaching out. We'd be happy to help.

Hey we can help. Let's continue in direct message to have a closer look.

If this doesn't resolve the issue, please contact Apple Support so we can take a closer look.",@AppleSupport what is going on?,"Thanks for reaching out. We'd be happy to help.

Hey we can help. Let's continue in direct message to have a closer look.

If this doesn't resolve the issue, please contact Apple Support so we can take a closer look.",1.0000000000000002,4,3,4,4,4,True,"The reply appropriately invites the customer to continue via direct message, matching the strongest historical evidence. However, it is somewhat repetitive and the suggestion to contact Apple Support is redundant, while offering no issue-specific guidance."
2479119,"@116333 @120640 @AppleSupport @AppleSupport can you guys fix my issue.my case is pending since 13th oct.. Case ID: 100321666771

Really disappointed with the service @116333 cook @120640",@708505 We'd be happy to assist.  Please reach out to us via DM and we'll get started. https\://t.co/GDrqU22YpT,4.0,3.0,5.0,5.0,4.0,True,"Appropriate case follow-up via direct message, though it does not address the long-pending case specifically.","Thanks for reaching out. We'd be happy to help.

We'd be happy to assist. Please reach out to us via direct message and we'll get started.

If this doesn't resolve the issue, please contact Apple Support so we can take a closer look.","@116333 @120640 @AppleSupport @AppleSupport can you guys fix my issue.my case is pending since 13th oct.. Case ID: 100321666771

Really disappointed with the service @116333 cook @120640","Thanks for reaching out. We'd be happy to help.

We'd be happy to assist. Please reach out to us via direct message and we'll get started.

If this doesn't resolve the issue, please contact Apple Support so we can take a closer look.",1.0,4,4,4,5,4,True,"The reply appropriately directs the customer to contact Apple Support via direct message, matching the historical response and support context. It is somewhat generic and adds a redundant suggestion to contact Apple Support again, but it remains relevant and actionable."
2033583,@AppleSupport need to cancel a Genius Bar appointment but it’s not letting me do it online. Need help - appt tonight.,@601303 We'll do what we can to help you with this. Meet us in DM and we'll go from there. https\://t.co/GDrqU22YpT,5.0,4.0,5.0,5.0,4.0,True,Directly addresses the appointment problem and offers a support handoff appropriate to a time-sensitive case.,"Thanks for reaching out. We'd be happy to help.

We'll do what we can to help you with this. Meet us in direct message and we'll go from there.

If this doesn't resolve the issue, please contact Apple Support so we can take a closer look.",@AppleSupport need to cancel a Genius Bar appointment but it’s not letting me do it online. Need help - appt tonight.,"Thanks for reaching out. We'd be happy to help.

We'll do what we can to help you with this. Meet us in direct message and we'll go from there.

If this doesn't resolve the issue, please contact Apple Support so we can take a closer look.",1.0000000000000004,4,4,4,5,4,True,"The reply appropriately directs the customer to continue via direct message, matching the strongest historical evidence. It is relevant and supported, though it does not provide an immediate cancellation link or more specific next steps."
1769960,@AppleSupport fix my i️ please,@532115 Here’s what you can do to work around the issue until it’s fixed in a future software update: https\://t.co/xXaXeeSRt9,4.0,3.0,4.0,5.0,4.0,True,"Uses the historical workaround for the known issue, but the customer message is too vague to make the response highly specific.","Thanks for reaching out. We'd be happy to help.

Here’s what you can do to work around the issue until it’s fixed in a future software update:

If this doesn't resolve the issue, please contact Apple Support so we can take a closer look.",@AppleSupport fix my i️ please,"Thanks for reaching out. We'd be happy to help.

Here’s what you can do to work around the issue until it’s fixed in a future software update:

If this doesn't resolve the issue, please contact Apple Support so we can take a closer look.",1.0,3,2,4,4,3,False,"The reply matches the historical response's general guidance but omits the essential workaround link or instructions, so it gives the customer no actionable way to resolve the issue."
1734417,@AppleSupport my iPhone started strucking when I got updated new iOS 11.1 plz resolve the issue.,"@523757 Let us help. Meet us in DM with your iPhone model and details of when this occurs, please. https\://t.co/GDrqU22YpT",5.0,5.0,5.0,5.0,5.0,True,"Requests the iPhone model and timing/details of the problem after an iOS update, a strong diagnostic next step.","Thanks for reaching out. We'd be happy to help.

Let us help. Meet us in direct message with your iPhone model and details of when this occurs, please.

If this doesn't resolve the issue, please contact Apple Support so we can take a closer look.",@AppleSupport my iPhone started strucking when I got updated new iOS 11.1 plz resolve the issue.,"Thanks for reaching out. We'd be happy to help.

Let us help. Meet us in direct message with your iPhone model and details of when this occurs, please.

If this doesn't resolve the issue, please contact Apple Support so we can take a closer look.",1.0,4,3,4,4,4,True,"The reply appropriately asks for the iPhone model and details of when the issue occurs, matching the strongest historical evidence. However, it provides no immediate troubleshooting and the fallback instruction is somewhat redundant."
1824297,@AppleSupport Why does it take 72 hours to change my cell phone number? How about supporting an international relocation? Unacceptable,@547627 We'd be happy to look into this with you. DM us details on how you're changing your cell number and we'll go from there. https\://t.co/GDrqU22YpT,4.0,4.0,5.0,5.0,4.0,True,"Requests details about the phone-number change and offers continued support, which is relevant to the international relocation issue.","Thanks for reaching out. We'd be happy to help.

We'd be happy to look into this with you. direct message us details on how you're changing your cell number and we'll go from there.

If this doesn't resolve the issue, please contact Apple Support so we can take a closer look.",@AppleSupport Why does it take 72 hours to change my cell phone number? How about supporting an international relocation? Unacceptable,"Thanks for reaching out. We'd be happy to help.

We'd be happy to look into this with you. direct message us details on how you're changing your cell number and we'll go from there.

If this doesn't resolve the issue, please contact Apple Support so we can take a closer look.",1.0,4,3,4,5,4,True,"The reply appropriately invites the customer to continue via direct message, matching the strongest historical evidence, but it does not explain the 72-hour delay or address international relocation and adds a generic escalation statement."
