customer_tweet_id,customer_message,expected_escalation,predicted_escalation,predicted_intent,intent_confidence,retrieval_similarity,decision,reason
328518,@AppleSupport mom got an email from this address and opened it. It's in German. She's convinced it's real. #spam https\://t.co/T293nXTRwp,True,False,app_or_media_issue,0.5723037314628381,0.9436764604861465,auto_handle,Intent is suitable for automated handling and a sufficiently similar historical resolution was found.
1533802,@115858 @AppleSupport  IM SO FUCKING SICK OF MY PHONE PLAYING UP EVERY TIME A NEW ONE COMES OUT IVE NOT EVEN HAD THIS ONE FOR A YEAR YET,False,False,app_or_media_issue,0.48002321691809563,1.0000000000000002,auto_handle,Intent is suitable for automated handling and a sufficiently similar historical resolution was found.
539873,@AppleSupport just bought an album. Keeps saying item is not available when I try to play it in Music. It won’t let download it either.,False,False,app_or_media_issue,0.59484680704684,1.0000000000000002,auto_handle,Intent is suitable for automated handling and a sufficiently similar historical resolution was found.
2039356,I did exactly that @AppleSupport yet ..... or do you want me to throwaway my iPhone 7 and get the X? I’m not understanding anything again https\://t.co/dszcLP2lZF,True,False,app_or_media_issue,0.39178773411002105,0.9378505511864844,auto_handle,Intent is suitable for automated handling and a sufficiently similar historical resolution was found.
1527759,MY I️ ISNT WORKING APPLE (eye but the single letter) @115858 @AppleSupport,False,False,app_or_media_issue,0.6848616417841297,1.0,auto_handle,Intent is suitable for automated handling and a sufficiently similar historical resolution was found.
620144,@AppleSupport My iPhone..it keeps wanting me to put my password in for my exchange account then it says it’s wrong. I can’t even reset it through my actual email website.,True,False,apple_id_icloud_issue,0.32639359450277333,1.0000000000000002,auto_handle,Intent is suitable for automated handling and a sufficiently similar historical resolution was found.
249331,@AppleSupport put all my PICTURES AND SHIT BACK,True,False,app_or_media_issue,0.7697359053216472,1.0,auto_handle,Intent is suitable for automated handling and a sufficiently similar historical resolution was found.
1962797,@AppleSupport  extremely frustrating (and coincidental??) that my phone slows way down with the new updates...since the NEW phones are out🤬,False,False,software_update_issue,0.7712407105243163,1.0,auto_handle,Intent is suitable for automated handling and a sufficiently similar historical resolution was found.
2623623,Please @115858 @AppleSupport @116333 @123857 @119462 Repair the way @12228 show the released date app. Thank you https\://t.co/JUjDyD5ZTs,False,False,app_or_media_issue,0.6491013228498629,0.8808369928586248,auto_handle,Intent is suitable for automated handling and a sufficiently similar historical resolution was found.
2774315,"@AppleSupport Yeah, I did that. However, the map was not edited to reflect my (correct) feedback. How do I make sure the map does get changed?",False,False,app_or_media_issue,0.39620049965614923,1.0,auto_handle,Intent is suitable for automated handling and a sufficiently similar historical resolution was found.
1763713,@AppleSupport hi there my iPhone has been disabled.,True,True,product_feature_question,0.494211073132985,1.0,escalate,Message indicates a potentially severe or high-risk situation.
1786835,Hey @118721 it would be nice if you stopped getting my wife's debit card hacked. @AppleSupport why does this keep happening?,True,True,security_phishing_issue,0.5219712179413328,1.0000000000000004,escalate,Security or phishing issue requires human review.
326661,@AppleSupport Just got an iPhone 8. So it would be iOS 11. Thanks!,True,False,software_update_issue,0.789418434147007,1.0,auto_handle,Intent is suitable for automated handling and a sufficiently similar historical resolution was found.
928040,@AppleSupport Thanks for replying. I’m using iPhone 6s and iOS 11.0.2.,True,False,software_update_issue,0.8674185615165796,1.0000000000000002,auto_handle,Intent is suitable for automated handling and a sufficiently similar historical resolution was found.
794547,@AppleSupport Thank you for responding! I've now been notified to update to the iOS 11.0.3 - will be in touch if the issues still occur post-update.,True,False,software_update_issue,0.9905805300091287,1.0,auto_handle,Intent is suitable for automated handling and a sufficiently similar historical resolution was found.
1773730,@AppleSupport Does Apple no longer sell a wired USB keyboard??,True,False,keyboard_input_issue,0.9690844410503905,1.0,auto_handle,Intent is suitable for automated handling and a sufficiently similar historical resolution was found.
2771772,"@AppleSupport Been told I’ve got to fly to Japan to get it fixed, seems a bit impractical",True,False,app_or_media_issue,0.4987817938621248,1.0,auto_handle,Intent is suitable for automated handling and a sufficiently similar historical resolution was found.
1767381,@AppleSupport what happened to text replacement on iPhone X? It’s not saving nor did it sync over! #iPhoneX,False,True,warranty_repair_recycling,0.9421238480729448,1.0000000000000002,escalate,Repair or warranty issue may require case-specific support.
1420126,@AppleSupport It started with iOS 11. Thanks,True,False,software_update_issue,0.9793936765150044,1.0000000000000002,auto_handle,Intent is suitable for automated handling and a sufficiently similar historical resolution was found.
946675,@AppleSupport Didn’t have these issues prior to installing update. I know others with same issue of phone bogging down since update,False,False,software_update_issue,0.912946364836257,1.0,auto_handle,Intent is suitable for automated handling and a sufficiently similar historical resolution was found.
11992,@115858 @AppleSupport your latest iOS update had made my phone slower and apps like iMessage are slow to open and load.  What’s up with this?,False,False,software_update_issue,0.8988542345238143,0.9999999999999999,auto_handle,Intent is suitable for automated handling and a sufficiently similar historical resolution was found.
2146547,@AppleSupport I bought my iPhone 7 last week and it won’t stop freezing I’ve had to reset it about 6 times today already,False,False,device_performance_issue,0.5839380076989364,1.0000000000000002,auto_handle,Intent is suitable for automated handling and a sufficiently similar historical resolution was found.
541132,@230273 @AppleSupport Thanks!,True,True,app_or_media_issue,0.9611780829082448,1.0,escalate,Customer message is too vague to identify the issue with sufficient confidence.
2981642,@AppleSupport still no haptic feedback on iPhone keyboard 📱 after new update. ??? Has this been disabled.,True,True,keyboard_input_issue,0.6998545834495347,1.0,escalate,Message indicates a potentially severe or high-risk situation.
1954674,@AppleSupport I’m on the latest version and I just got my 7 a few months ago. This has happened with the last two phones now and I’m not the only one.,True,False,app_or_media_issue,0.3478358877615196,1.0000000000000002,auto_handle,Intent is suitable for automated handling and a sufficiently similar historical resolution was found.
427833,@AppleSupport @115858 the battery life of my 6S is horrendous after iOS https\://t.co/t4CyQ5ZBMd REALLY need to address this ASAP,False,False,software_update_issue,0.652747045181362,0.8766835879245276,auto_handle,Intent is suitable for automated handling and a sufficiently similar historical resolution was found.
42621,@AppleSupport 11.1. Happening on my iPad as well so version number.,True,False,hardware_accessory_issue,0.43284516794764977,1.0,auto_handle,Intent is suitable for automated handling and a sufficiently similar historical resolution was found.
1705374,@516902 @115858 @AppleSupport this has been fucking me up all day,True,False,app_or_media_issue,0.7064855164598313,1.0,auto_handle,Intent is suitable for automated handling and a sufficiently similar historical resolution was found.
2242117,@AppleSupport These messages are invisibles ...my iPhone sends that automatically. But my number is not registered by iMessage,False,False,app_or_media_issue,0.3153739080650762,1.0000000000000002,auto_handle,Intent is suitable for automated handling and a sufficiently similar historical resolution was found.
590926,@AppleSupport love my iPhone X. But the new live wallpapers are stutter so much :/ plan on releasing an update where they don’t?,False,False,software_update_issue,0.5505509448946575,1.0000000000000002,auto_handle,Intent is suitable for automated handling and a sufficiently similar historical resolution was found.
286211,Getting distorted outgoing Voice msg quality w the last update to #iPhone &amp; #WhatsApp @4305 @AppleSupport Bluetooth is off but sounds on,False,False,connectivity_issue,0.40926770045075317,1.0000000000000004,auto_handle,Intent is suitable for automated handling and a sufficiently similar historical resolution was found.
554720,@2531 @AppleSupport        I just got a new iPhone but when my sister transferred my media and everything else to this new phone EVERYTHING GOT DELETED and I’m so upset I lost everything 😭,True,True,app_or_media_issue,0.3394317627510526,1.0000000000000002,escalate,Message indicates a potentially severe or high-risk situation.
829125,@AppleSupport Yes but it isn’t charged at all.... still ok to charge and use it?,True,True,payment_billing_issue,0.9767468649774284,1.0000000000000002,escalate,Payment or billing issue requires human review.
740616,Hey @AppleSupport can you message me I have a question about updating my IOS,False,False,software_update_issue,0.4359243268812139,1.0,auto_handle,Intent is suitable for automated handling and a sufficiently similar historical resolution was found.
148245,@115858 @AppleSupport If I were to buy an apple product today with student discount would I be eligible to receive the black Friday event gift card?,True,False,order_sales_issue,0.5014166210932997,1.0000000000000002,auto_handle,Intent is suitable for automated handling and a sufficiently similar historical resolution was found.
1629794,@65298 @AppleSupport Hahaha help me!,True,True,app_or_media_issue,0.8121778072808181,1.0,escalate,Customer message is too vague to identify the issue with sufficient confidence.
2126015,Who do I speak to about fixing this when there are no Genius Bar reservations in Sheffield? 😤@115858 @AppleSupport needthis sorting ASAP 😑😑😑 https\://t.co/KtpY6AP1Gv,True,False,app_or_media_issue,0.3384748215976787,0.9373244319047096,auto_handle,Intent is suitable for automated handling and a sufficiently similar historical resolution was found.
2840352,"@790404 @115858 @AppleSupport ¡Sí! Muchas de las funciones se han se han vuelto notablemente más lentas. Ayer le iba a tomar una foto a un bebé recién nacido, y para cuando funcionó la cámara, ya estaba haciendo su primera comunión. 😔",False,False,app_or_media_issue,0.6248157014071828,1.0000000000000002,auto_handle,Intent is suitable for automated handling and a sufficiently similar historical resolution was found.
2321834,@AppleSupport Hello!  I did make sure all my apps were updated.  Iphone freezes during texting(I've turned off all settings) and scrolling .  It even freezes when I enter my 4 digit passcode to use my phone.  At times I reboot to unfreeze it.,False,False,device_performance_issue,0.7088923545981204,1.0000000000000002,auto_handle,Intent is suitable for automated handling and a sufficiently similar historical resolution was found.
1524131,Seriously @AppleSupport @115858 why can’t EYE TYPE THE LETTER EYE https\://t.co/vm4KaEeem4,False,False,app_or_media_issue,0.8566353232714198,0.8689992364651252,auto_handle,Intent is suitable for automated handling and a sufficiently similar historical resolution was found.
2302684,@AppleSupport Yes tried that - made an appointment!,True,False,app_or_media_issue,0.8462737070402226,1.0,auto_handle,Intent is suitable for automated handling and a sufficiently similar historical resolution was found.
178665,"@AppleSupport Also, since this update, I can no longer play music in my car. It reads media error message.",False,False,software_update_issue,0.4131709685123415,0.9999999999999999,auto_handle,Intent is suitable for automated handling and a sufficiently similar historical resolution was found.
1674094,@AppleSupport It doesn’t change to an I it’s just a box with a question mark in it,False,False,app_or_media_issue,0.6491235443154064,1.0000000000000002,auto_handle,Intent is suitable for automated handling and a sufficiently similar historical resolution was found.
1800931,@AppleSupport Why is my phone even worse after the last iOS update I have to charge twice a day now,False,False,software_update_issue,0.9893312919313201,1.0,auto_handle,Intent is suitable for automated handling and a sufficiently similar historical resolution was found.
2552446,"@AppleSupport hurry up and sort out a new update for those of us that aren’t fortunate enough to have the latest iPhone!! Fed up of BT randomly coming on, draining battery and data roaming randomly turning off.  REALLY irritating!!",False,False,software_update_issue,0.6140286423487588,1.0000000000000002,auto_handle,Intent is suitable for automated handling and a sufficiently similar historical resolution was found.
2355893,"@AppleSupport Why when I delete emails from my mail app, do they reappear seconds later??",False,False,app_or_media_issue,0.6727328937784762,1.0,auto_handle,Intent is suitable for automated handling and a sufficiently similar historical resolution was found.
1188314,everything keeps freezing up and shutting off and my phone keeps restarting itself hellooooooooooo @AppleSupport,False,False,device_performance_issue,0.9994673379169375,1.0,auto_handle,Intent is suitable for automated handling and a sufficiently similar historical resolution was found.
2575320,Why is it that @115858 @AppleSupport can’t make my ringtones (that I paid for) work after three iOS updates? #heldhostagebyapple,False,False,software_update_issue,0.8544339873746979,1.0000000000000002,auto_handle,Intent is suitable for automated handling and a sufficiently similar historical resolution was found.
2784609,"@AppleSupport With iMessage, texting, in notes, with any social media apps, etc. It’s the keyboard that’s the issue because anywhere I try to do an emoji, the keyboard freezes.",False,False,keyboard_input_issue,0.9990538485207132,1.0,auto_handle,Intent is suitable for automated handling and a sufficiently similar historical resolution was found.
1704704,&amp; i just updated my phone &amp; the eye still don’t work @AppleSupport,False,False,software_update_issue,0.7998115275689652,1.0,auto_handle,Intent is suitable for automated handling and a sufficiently similar historical resolution was found.
90664,@AppleSupport hello my iPhone is a couple of months old and has started randomly switching itself off. I’ve managed to turn it on using a power source but there’s 40% battery. Any advice?,True,False,device_performance_issue,0.6568866302723966,1.0,auto_handle,Intent is suitable for automated handling and a sufficiently similar historical resolution was found.
2014718,Hi @AppleSupport can y’all fix my keyboard I I can use the letter I️ thanks lol,False,False,keyboard_input_issue,0.994526254380664,1.0000000000000002,auto_handle,Intent is suitable for automated handling and a sufficiently similar historical resolution was found.
2500885,"@AppleSupport @115858 instead of charging £1000+ for new phones it would be great if you could sort out your OS first! #ios11 is the worst update I’ve ever experienced! Frequent crashes, apps hanging, delayed usage, random restarts, UI issues, volume glitches, the list goes on!!🤬",False,False,software_update_issue,0.5707324073148652,1.0000000000000002,auto_handle,Intent is suitable for automated handling and a sufficiently similar historical resolution was found.
2140948,@AppleSupport @118936 @23150 @160959 I️ I️ I️ I️ I️ I️ I️ I️ I️ I️ I️ I️ I️ I️ please help I️ I️ I️ I️ I️,False,True,app_or_media_issue,0.7617824731906551,1.0000000000000004,escalate,Customer message is too vague to identify the issue with sufficient confidence.
2636962,Okay. @AppleSupport when will my phone let me type regular capital i’s again?,False,False,app_or_media_issue,0.7002110040072013,1.0,auto_handle,Intent is suitable for automated handling and a sufficiently similar historical resolution was found.
2976613,@AppleSupport I upgraded my iPhone 8 to iOS 11.1.1 and it caused my iPhone to be stuck on the apple logo and keeps rebooting for ever. I searched the Internet and found out that it is a common issue. Is there a fix?,True,False,software_update_issue,0.38550888021112323,1.0,auto_handle,Intent is suitable for automated handling and a sufficiently similar historical resolution was found.
2367724,@AppleSupport having issues with music purchased on iTunes it will not show up on my iPod in any playlists,False,False,app_or_media_issue,0.9211097207024717,1.0,auto_handle,Intent is suitable for automated handling and a sufficiently similar historical resolution was found.
2548157,"@AppleSupport hi, constantly try to get my artist page verified-start process, but cant get past my log in details as page always times out",True,False,app_or_media_issue,0.4003806103473653,1.0000000000000002,auto_handle,Intent is suitable for automated handling and a sufficiently similar historical resolution was found.
2072715,"@AppleSupport my iPhone doesn’t connect to car BT properly, battery dies quick, apps close, lag comes, calls don’t work, etc What r u doing!",False,False,device_performance_issue,0.4872706027611974,1.0000000000000002,auto_handle,Intent is suitable for automated handling and a sufficiently similar historical resolution was found.
1937283,@115948 @AppleSupport - music added is disappearing mysteriously! I assume you know the issue already!,False,False,app_or_media_issue,0.9370822968835526,1.0,auto_handle,Intent is suitable for automated handling and a sufficiently similar historical resolution was found.
2479119,"@116333 @120640 @AppleSupport @AppleSupport can you guys fix my issue.my case is pending since 13th oct.. Case ID: 100321666771

Really disappointed with the service @116333 cook @120640",True,False,app_or_media_issue,0.5441596503828274,0.9999999999999999,auto_handle,Intent is suitable for automated handling and a sufficiently similar historical resolution was found.
215806,@AppleSupport So every time I go for a walk my cellular data stays off and I keep manually have to turn it on since the update I’ve never had to do this,False,False,software_update_issue,0.5877068723342244,1.0,auto_handle,Intent is suitable for automated handling and a sufficiently similar historical resolution was found.
1059780,iOS 11.0.3 is trippin’ out so bad.. 😞😞 @115858 @AppleSupport #iPhone7Plus,True,False,software_update_issue,0.9184515569429509,1.0,auto_handle,Intent is suitable for automated handling and a sufficiently similar historical resolution was found.
506501,"@AppleSupport using IOS 11.1.2, a dark screen with loading circle icon.",False,False,software_update_issue,0.4758916963969465,1.0,auto_handle,Intent is suitable for automated handling and a sufficiently similar historical resolution was found.
2369542,"If u need to get in contact with me, pls DM me because my phone won't turn on 😩 it's been like this for about 2 hours @AppleSupport https\://t.co/DBeh8IEtsk",True,False,app_or_media_issue,0.5344907065607304,0.9442830423580532,auto_handle,Intent is suitable for automated handling and a sufficiently similar historical resolution was found.
1507293,@AppleSupport what is going on?,True,True,app_or_media_issue,0.7786157071383033,1.0000000000000002,escalate,Customer message is too vague to identify the issue with sufficient confidence.
994499,@AppleSupport Just upgraded to 11.0.3 and it killed my cell service. How do I fix this?,False,False,software_update_issue,0.6071885685565253,1.0,auto_handle,Intent is suitable for automated handling and a sufficiently similar historical resolution was found.
1769960,@AppleSupport fix my i️ please,False,True,app_or_media_issue,0.8489995888624448,1.0,escalate,Customer message is too vague to identify the issue with sufficient confidence.
1773448,@AppleSupport fix the goddamn “I” issue.,False,True,app_or_media_issue,0.57355354818253,1.0000000000000002,escalate,Customer message is too vague to identify the issue with sufficient confidence.
2730400,"@AppleSupport 

It’s happening again. Is there going to be an update to address this, or this just the “new normal”? https\://t.co/gnWFaWgh1I",True,False,software_update_issue,0.6995969591959551,0.9310861072911982,auto_handle,Intent is suitable for automated handling and a sufficiently similar historical resolution was found.
2002436,@AppleSupport Oh yay!! I’m going to download right now!!,True,False,app_or_media_issue,0.6683700446612979,1.0000000000000002,auto_handle,Intent is suitable for automated handling and a sufficiently similar historical resolution was found.
445986,"@AppleSupport re: Keynote…why is the default layout for presentations 4:3? Apple pushes progress, so shouldn’t the default be 16:9?",False,False,app_or_media_issue,0.3559530727987984,1.0,auto_handle,Intent is suitable for automated handling and a sufficiently similar historical resolution was found.
2280939,@AppleSupport Started with 11.1 and not resolved by the latest update,True,False,software_update_issue,0.916654714696845,1.0000000000000002,auto_handle,Intent is suitable for automated handling and a sufficiently similar historical resolution was found.
1991153,@AppleSupport It’s been four days and a contact I added still isn’t synced with iCloud.,False,False,apple_id_icloud_issue,0.8507261159597634,1.0000000000000002,auto_handle,Intent is suitable for automated handling and a sufficiently similar historical resolution was found.
2838665,@AppleSupport This is getting old. I wasn’t even out in the cold and and I had to reset my phone 4 times before the screen started working. I’m running 11.2,True,False,hardware_accessory_issue,0.4822324713877375,1.0,auto_handle,Intent is suitable for automated handling and a sufficiently similar historical resolution was found.
1772557,@AppleSupport I have a case on my phone and I always have to restart my phone whenever it freezes,False,False,device_performance_issue,0.993406318949753,1.0000000000000002,auto_handle,Intent is suitable for automated handling and a sufficiently similar historical resolution was found.
110862,@AppleSupport Yea I believe so it’s a bit off,True,False,app_or_media_issue,0.646349272152921,1.0,auto_handle,Intent is suitable for automated handling and a sufficiently similar historical resolution was found.
1095197,#Siri hasn’t worked on my phone 📱 since the update @AppleSupport what’s good? #iOS11,False,False,software_update_issue,0.9974191616846056,1.0000000000000002,auto_handle,Intent is suitable for automated handling and a sufficiently similar historical resolution was found.
2920059,@AppleSupport Done. It would be appreciated if you passed this request on to the powers that be as well.,True,False,app_or_media_issue,0.45656520488326185,1.0000000000000002,auto_handle,Intent is suitable for automated handling and a sufficiently similar historical resolution was found.
542395,"@AppleSupport My Mac account is set in Italian, but just after the last security patch (17B1003), these #macOSHighSierra warns appears in mixed English and Italian. Any solution? https\://t.co/o282WIprDW",False,False,app_or_media_issue,0.3489456954934567,0.9573850390287992,auto_handle,Intent is suitable for automated handling and a sufficiently similar historical resolution was found.
1896438,@AppleSupport how is my phone losing battery power while it’s plugged into the wall (says charging) &amp; on low power mode????,False,False,device_performance_issue,0.6361144816835455,1.0,auto_handle,Intent is suitable for automated handling and a sufficiently similar historical resolution was found.
92557,"@AppleSupport I did an icloud backup two days ago, i’ll update my software",True,False,apple_id_icloud_issue,0.45431207941723717,1.0000000000000002,auto_handle,Intent is suitable for automated handling and a sufficiently similar historical resolution was found.
1845369,@AppleSupport this update is booboo. Crap. Shitake. I want my flip phone back.,False,False,software_update_issue,0.9421551474167216,1.0,auto_handle,Intent is suitable for automated handling and a sufficiently similar historical resolution was found.
1341727,"@AppleSupport It appears to be ""\_\_email\_\_""",True,True,app_or_media_issue,0.7431481441731418,0.8856419019355973,escalate,Customer message is too vague to identify the issue with sufficient confidence.
2033583,@AppleSupport need to cancel a Genius Bar appointment but it’s not letting me do it online. Need help - appt tonight.,True,False,app_or_media_issue,0.5266725996042527,1.0000000000000004,auto_handle,Intent is suitable for automated handling and a sufficiently similar historical resolution was found.
2606723,@AppleSupport (2/2) phone and going to my iPad. I’ve checked the settings on both devices. What’s going on?,True,False,hardware_accessory_issue,0.2719144414411343,1.0000000000000004,auto_handle,Intent is suitable for automated handling and a sufficiently similar historical resolution was found.
2439724,@AppleSupport Hi! Can you help me out with an order I made?,True,True,order_sales_issue,0.6087396069300178,1.0,escalate,Customer message is too vague to identify the issue with sufficient confidence.
366160,@AppleSupport upgraded to iOS11.02 and watched my battery plummet from 50% to 2% in less than 10 minutes! Hope this is being sorted?!,False,False,software_update_issue,0.849243816601676,1.0,auto_handle,Intent is suitable for automated handling and a sufficiently similar historical resolution was found.
1616675,@AppleSupport Thanks for the response. Can landscape support be enabled in future versions of software. Can you take it as feedback?,False,False,app_or_media_issue,0.4459438461749305,1.0000000000000002,auto_handle,Intent is suitable for automated handling and a sufficiently similar historical resolution was found.
2410409,@AppleSupport My phone isn’t on Do Not Disturb and I still don’t receive notifications for text messages. Why is that? 🤔,False,False,app_or_media_issue,0.7486489289947021,1.0,auto_handle,Intent is suitable for automated handling and a sufficiently similar historical resolution was found.
1362542,@AppleSupport I have a reservation number but want to change payment method. Will that change my delivery date?,True,False,order_sales_issue,0.9908403495548803,0.9999999999999998,auto_handle,Intent is suitable for automated handling and a sufficiently similar historical resolution was found.
2683846,@AppleSupport This is all I can see https\://t.co/IowxWR51H1,True,False,app_or_media_issue,0.7873670588519864,0.7346546421734814,auto_handle,Intent is suitable for automated handling and a sufficiently similar historical resolution was found.
2358802,"@AppleSupport - If I buy an iPhone X from the store in NJ, is it unlocked by default? Can I carry anywhere in the world without worrying about carrier? Is international warranty applicable in this case?",True,False,order_sales_issue,0.31626291639200854,1.0000000000000004,auto_handle,Intent is suitable for automated handling and a sufficiently similar historical resolution was found.
1024586,@AppleSupport is there something I can do to have the autocorrect stop? The new iOS is changing simple words like food to good in my texts.,False,False,keyboard_input_issue,0.5216360578532877,1.0000000000000002,auto_handle,Intent is suitable for automated handling and a sufficiently similar historical resolution was found.
889021,@AppleSupport hey how do I check what date these purchases were made https\://t.co/t7z1iHz4Qe,True,False,app_or_media_issue,0.49110194957384545,0.8979953049265244,auto_handle,Intent is suitable for automated handling and a sufficiently similar historical resolution was found.
2624901,"@AppleSupport Progressively getting worse, hence why I need you to run a diag tool so I can determine if I need to replace battery? https\://t.co/xnurVSoD5Q",True,False,device_performance_issue,0.345651448175282,0.942876546114694,auto_handle,Intent is suitable for automated handling and a sufficiently similar historical resolution was found.
1657217,"@505648 @AppleSupport Yep, have already had to charge my iPhone 3x today! 😩 Not cool. 👎🏻",False,False,app_or_media_issue,0.307186150535996,1.0,auto_handle,Intent is suitable for automated handling and a sufficiently similar historical resolution was found.
1959414,"@AppleSupport a number of my apps keep crashing on me, particularly my @318 app, since the update",False,False,device_performance_issue,0.8652834194973464,1.0000000000000002,auto_handle,Intent is suitable for automated handling and a sufficiently similar historical resolution was found.
2287920,I updated my phone and I’m still seeing the A ? Question mark box. 😐 @115858 @applesupport,False,False,software_update_issue,0.9705382492855461,1.0,auto_handle,Intent is suitable for automated handling and a sufficiently similar historical resolution was found.
286892,"@AppleSupport yo why has the new update made my alarm not go off on silent!! Nearly made me late for work, care to explains yourselves??🤷‍♂️",False,False,software_update_issue,0.7392070685223572,1.0,auto_handle,Intent is suitable for automated handling and a sufficiently similar historical resolution was found.
62224,"@AppleSupport When the Sept update ever since then there’s an exclamation point in a circle in most pictures I’m at 11.1 now, updated last night as well",False,False,software_update_issue,0.9175264771484524,1.0000000000000002,auto_handle,Intent is suitable for automated handling and a sufficiently similar historical resolution was found.
792769,@AppleSupport I can’t seem to change my push notifications for my emails. The option to do this is no longer their in settings? 🤔,False,False,app_or_media_issue,0.4512953967249027,1.0,auto_handle,Intent is suitable for automated handling and a sufficiently similar historical resolution was found.
2280551,@AppleSupport this afternoon. it does not go away,True,False,app_or_media_issue,0.7418562805635989,1.0,auto_handle,Intent is suitable for automated handling and a sufficiently similar historical resolution was found.
1128285,@AppleSupport Set me a appointment with Apple store in Valencia,True,False,app_or_media_issue,0.6584988816613213,1.0000000000000002,auto_handle,Intent is suitable for automated handling and a sufficiently similar historical resolution was found.
148178,@AppleSupport Have done that and still in the same situ 👎🏻,True,False,app_or_media_issue,0.5965362081165572,1.0,auto_handle,Intent is suitable for automated handling and a sufficiently similar historical resolution was found.
1474741,@AppleSupport will the wireless charging for the iPhone 8 Plus work if it has a pop socket on the back of it?,False,False,hardware_accessory_issue,0.33392758526234595,1.0000000000000004,auto_handle,Intent is suitable for automated handling and a sufficiently similar historical resolution was found.
1845698,@AppleSupport My iPhone has suddenly started charging really slowly. Update ✅ Battery usage check ✅ Still slow! Can you help? #iPhone7Plus,False,False,device_performance_issue,0.921020250614878,1.0000000000000002,auto_handle,Intent is suitable for automated handling and a sufficiently similar historical resolution was found.
1548759,@AppleSupport @\_\_hollyhudson\_\_ We all have it downloaded. Please fix it. It’s getting annoying.,True,False,app_or_media_issue,0.6784969320298581,1.0000000000000002,auto_handle,Intent is suitable for automated handling and a sufficiently similar historical resolution was found.
2139915,Apple’s iOS updated screws up my “i’s” 😒😒😒@AppleSupport stupid,False,False,software_update_issue,0.9493045486754662,1.0000000000000002,auto_handle,Intent is suitable for automated handling and a sufficiently similar historical resolution was found.
2077759,@AppleSupport Some bugs in 11.0.1. I also cannot swipe left and right when my phone is locked – can’t see updates and use camera easily. https\://t.co/vSJnenvk3b,False,False,software_update_issue,0.44688874255017846,0.9483057882596961,auto_handle,Intent is suitable for automated handling and a sufficiently similar historical resolution was found.
2620,@AppleSupport watchOs4 made my watch pointless Browsing music on my phone via the watch was 80% reason for buying it now it’s useless.,False,False,app_or_media_issue,0.674344616349672,1.0,auto_handle,Intent is suitable for automated handling and a sufficiently similar historical resolution was found.
627979,Awful service in @115858 store today! Phone is less than a week old and clearly doesn’t work but they can’t help me without the box?! Great when you need your phone for work and it’s totally unreliable. @AppleSupport #iphoneproblems,True,True,app_or_media_issue,0.24865802409251217,1.0,escalate,Customer message is too vague to identify the issue with sufficient confidence.
385957,"@AppleSupport I'm using another phone honor but I need my iphone..

I'm prefer using iphone (system and cam and safety) I love and I miss my iphone :(..",True,False,hardware_accessory_issue,0.48172920637393873,1.0000000000000004,auto_handle,Intent is suitable for automated handling and a sufficiently similar historical resolution was found.
2488652,"@AppleSupport lmao when is my 8 month old, fully updated iPhone 7 going to stop freezing randomly?? Kinda sick of paying hundreds for a phone that’s underperforming 🤷🏻‍♀️",False,False,device_performance_issue,0.5353594141883171,1.0000000000000002,auto_handle,Intent is suitable for automated handling and a sufficiently similar historical resolution was found.
1858295,@AppleSupport any idea why my phone won't connect to my MacBook Pro ? Really frustrating https\://t.co/VQNUw4jznx,False,False,connectivity_issue,0.6211635468375507,0.879153297044196,auto_handle,Intent is suitable for automated handling and a sufficiently similar historical resolution was found.
543708,".\@AppleSupport @115858 - how come there isn't already information here about the widely reported ""2nd December"" bug - my phone keeps crashing/re-starting. I'm due an upgrade and so if this isn't fixed soon and fully I'll be choosing @122986 #Pixel2 Poor.........",False,False,device_performance_issue,0.6511547913039821,1.0,auto_handle,Intent is suitable for automated handling and a sufficiently similar historical resolution was found.
508258,@AppleSupport It did not work ! 😢,True,False,app_or_media_issue,0.8163301074515017,1.0,auto_handle,Intent is suitable for automated handling and a sufficiently similar historical resolution was found.
2136636,my phone keeps logging me out of every single app I have WHYYYYY @AppleSupport,True,False,device_performance_issue,0.3764435587130026,1.0,auto_handle,Intent is suitable for automated handling and a sufficiently similar historical resolution was found.
53582,@AppleSupport Hi. I cannot reset the security questions after I logged in my account. What to do? :/,False,True,app_or_media_issue,0.3822650296787329,1.0000000000000002,escalate,Account access or authentication issue requires human review.
2622669,"@AppleSupport See attached. I know how to use the app but when I want to buy a song or album and want to search 'apple music', I can't. I can only search my library &amp; radio. The picture  shows what I'm referring too https\://t.co/rwl8uoC0mH",False,False,app_or_media_issue,0.5828125277002243,0.9686876966697777,auto_handle,Intent is suitable for automated handling and a sufficiently similar historical resolution was found.
1954372,@AppleSupport IPhone 6 - Lag and touchscreen problems after ios 11.0.3,False,False,software_update_issue,0.878092942898259,1.0,auto_handle,Intent is suitable for automated handling and a sufficiently similar historical resolution was found.
446498,"@AppleSupport it's pretty annoying since I can't upload or send any pic because even if it says ""try again later"" it never works",False,False,app_or_media_issue,0.5808378674758906,0.9999999999999999,auto_handle,Intent is suitable for automated handling and a sufficiently similar historical resolution was found.
2690905,@AppleSupport can I receive a verification code if I’m roaming ? I’ve been trying to access my iCloud for days now 😒😒,False,False,apple_id_icloud_issue,0.7466713293723523,1.0,auto_handle,Intent is suitable for automated handling and a sufficiently similar historical resolution was found.
2028664,@AppleSupport No also in the control center !,True,False,app_or_media_issue,0.6003901954269394,1.0,auto_handle,Intent is suitable for automated handling and a sufficiently similar historical resolution was found.
195999,@AppleSupport Yes I am 🙂,True,True,app_or_media_issue,0.9368546670082627,1.0,escalate,Customer message is too vague to identify the issue with sufficient confidence.
1734417,@AppleSupport my iPhone started strucking when I got updated new iOS 11.1 plz resolve the issue.,False,False,software_update_issue,0.9532736915883451,1.0,auto_handle,Intent is suitable for automated handling and a sufficiently similar historical resolution was found.
1509390,@AppleSupport why can’t I️ type the letter I without some weird thing going on,False,False,app_or_media_issue,0.6481867095244699,1.0000000000000002,auto_handle,Intent is suitable for automated handling and a sufficiently similar historical resolution was found.
2307908,"Every time I try and call my voicemail there’s no dial tone, nothing @AppleSupport",False,False,app_or_media_issue,0.4228820578445314,1.0,auto_handle,Intent is suitable for automated handling and a sufficiently similar historical resolution was found.
228552,@AppleSupport Why don't the iPads have a Calculator?,False,False,app_or_media_issue,0.6648142221494605,1.0,auto_handle,Intent is suitable for automated handling and a sufficiently similar historical resolution was found.
2773129,"honestly, apple music is so shit. why yall removing all my downloaded songs? @115858 @115948 @AppleSupport EVERYTIME I GO TO DOWNLOAD IT AGAIN IT REMOVES OTHER SONGS!!! FUCKING SORT YA SHIT OUT.",False,False,app_or_media_issue,0.9175399378387623,1.0000000000000002,auto_handle,Intent is suitable for automated handling and a sufficiently similar historical resolution was found.
1769934,@AppleSupport Why is my phone acting stupid ? Im not going to buy a new one . 😑,True,False,app_or_media_issue,0.3436487292225941,1.0000000000000004,auto_handle,Intent is suitable for automated handling and a sufficiently similar historical resolution was found.
2058370,"@AppleSupport My iPhone 6s Plus is not synching my music &amp; photos. It keeps saying ""Sync session failed to finish"" Please help.",False,True,app_or_media_issue,0.8451296016708552,1.0,escalate,Customer message is too vague to identify the issue with sufficient confidence.
1824297,@AppleSupport Why does it take 72 hours to change my cell phone number? How about supporting an international relocation? Unacceptable,True,False,app_or_media_issue,0.49592199554275,1.0,auto_handle,Intent is suitable for automated handling and a sufficiently similar historical resolution was found.
161262,@AppleSupport I can’t back my iPhone up to my MacBook Pro as I keep getting the error “iTunes could not back up the iPhone Jess North because an error occurred while reading from or writing to the iPhone” How can I resolve this as I get a new phone next week and want to transfer?,False,False,hardware_accessory_issue,0.383079032443806,1.0000000000000002,auto_handle,Intent is suitable for automated handling and a sufficiently similar historical resolution was found.
946721,@AppleSupport Do you think this is an issue w/ the beta version on my phone?,False,False,app_or_media_issue,0.6396770911707225,1.0,auto_handle,Intent is suitable for automated handling and a sufficiently similar historical resolution was found.
2072007,Yo @AppleSupport since these updates my phone works aswell as a house brick!! Sort this shit out!!,False,False,software_update_issue,0.761996573464351,0.9999999999999999,auto_handle,Intent is suitable for automated handling and a sufficiently similar historical resolution was found.
391716,"@AppleSupport after updating to iOS 11.0.2 can’t send sms through contact in dial list , favourite and contact list... very frustrating!",False,False,software_update_issue,0.6966820257687102,1.0,auto_handle,Intent is suitable for automated handling and a sufficiently similar historical resolution was found.
848277,"@AppleSupport me ajuda, minhas Fotos não estão aparecendo no celular 😔",True,False,app_or_media_issue,0.723406241357146,1.0000000000000002,auto_handle,Intent is suitable for automated handling and a sufficiently similar historical resolution was found.
1927621,@AppleSupport Need to edit an address on my iPhone order but chat and phones are all disabled? Help.,True,True,order_sales_issue,0.6667524423458566,1.0000000000000002,escalate,Message indicates a potentially severe or high-risk situation.
1368820,"@AppleSupport Hey guys, you still haven’t fixed this issue. Not cool. https\://t.co/C7sID4uNWE",True,False,app_or_media_issue,0.6899924261343727,0.8941055140951468,auto_handle,Intent is suitable for automated handling and a sufficiently similar historical resolution was found.
484554,Has anyone else been having issues with charging your iPhone since the #IOS11 update? @AppleSupport,False,False,software_update_issue,0.9658669227507801,1.0000000000000002,auto_handle,Intent is suitable for automated handling and a sufficiently similar historical resolution was found.
356447,@AppleSupport Nope. It’s like a very limited number of call logs being displayed. I’d like to have them as big as my messages inbox. Practically as long as a month. Limiting my logs to a 25/50 numbers is awful. Not reasonable to restrict my phone log as primarily an iPhone is to talk over.,False,False,app_or_media_issue,0.3284016374905798,1.0000000000000002,auto_handle,Intent is suitable for automated handling and a sufficiently similar historical resolution was found.
2533256,@AppleSupport A version of iOS 10. I did a hard reset more than a few times with no change after the hard reset.,True,False,software_update_issue,0.7090520440346544,1.0000000000000002,auto_handle,Intent is suitable for automated handling and a sufficiently similar historical resolution was found.
1990467,"@AppleSupport Hm, settings are fine. I thinks @4305 needs to fix this.",False,False,app_or_media_issue,0.49745528025832453,1.0000000000000002,auto_handle,Intent is suitable for automated handling and a sufficiently similar historical resolution was found.
2630221,.\@AppleSupport since upgrading to iOS 11.1.1 my one keyboard issue was fixed but now every time I type “it” It does this craziness (below) AND I don’t have any phrase shortcuts. HELP it’s driving me crazy! https\://t.co/AEsMc2Jl89,False,False,keyboard_input_issue,0.7684997579861488,0.9582735349113801,auto_handle,Intent is suitable for automated handling and a sufficiently similar historical resolution was found.
1676892,"@AppleSupport ever since I updated to iOS11 the camera takes really long to work. It gives a black screen for a few moments, then works",False,False,software_update_issue,0.7308838361444103,1.0000000000000002,auto_handle,Intent is suitable for automated handling and a sufficiently similar historical resolution was found.
854549,@AppleSupport i preordered niall horans new album before it was released and now its saying that i have to pay for it again,True,False,order_sales_issue,0.9300313426747773,1.0000000000000002,auto_handle,Intent is suitable for automated handling and a sufficiently similar historical resolution was found.
1628461,My emails are back to normal but my Apple Music still isn’t working ugh I wanna cry @115948 @AppleSupport,False,False,app_or_media_issue,0.9107947292477313,1.0,auto_handle,Intent is suitable for automated handling and a sufficiently similar historical resolution was found.
1998482,"@AppleSupport Any idea why my iPhone said ""Invalid SIM"" at the top...?",False,False,app_or_media_issue,0.4011157883819547,1.0,auto_handle,Intent is suitable for automated handling and a sufficiently similar historical resolution was found.
1913277,Will this ever get fixed? @115858 @AppleSupport https\://t.co/bYZGkdzcCQ,True,False,app_or_media_issue,0.7692553913518023,0.8103766161398505,auto_handle,Intent is suitable for automated handling and a sufficiently similar historical resolution was found.
741057,@AppleSupport is there a easy way to remove out of date wallet passes? It’s crazy having to tap 4 times to delete one pass,False,False,app_or_media_issue,0.5032231634859958,1.0,auto_handle,Intent is suitable for automated handling and a sufficiently similar historical resolution was found.
2619878,"I really need to know if you will take a long time to find a solution for these hanging problem @AppleSupport 

@115858 I lost my data twice in last month, please try to figure out how you will fix this situation,

your reply is highly appreciated.",True,False,app_or_media_issue,0.42330231241663696,0.9999999999999999,auto_handle,Intent is suitable for automated handling and a sufficiently similar historical resolution was found.
1774500,@AppleSupport Well thank you for replying. I figured it was glitch so I understand but it’s truly frustrating. Thanks for the temp solution 💕,False,False,app_or_media_issue,0.6466213359497959,1.0000000000000004,auto_handle,Intent is suitable for automated handling and a sufficiently similar historical resolution was found.
2520802,@AppleSupport can we do a battery test on my iPhone 7? I am having some issues.,False,False,device_performance_issue,0.6487106671349933,1.0,auto_handle,Intent is suitable for automated handling and a sufficiently similar historical resolution was found.
695371,"@AppleSupport my phone won't install the new iOS 11 and keeps sending me that there's an error message, what should I do ?",False,False,software_update_issue,0.9157462466702433,1.0,auto_handle,Intent is suitable for automated handling and a sufficiently similar historical resolution was found.
962216,"Meu, to tendo problema com o wifi, n sei se o problema é o iOS 11 ou o iphone 8 @AppleSupport help me",True,True,software_update_issue,0.5469706795072578,1.0000000000000002,escalate,Customer message is too vague to identify the issue with sufficient confidence.
2945671,"@AppleSupport Is this a genuine email add from Apple?

https:\_\_email\_\_

Thanks",True,False,app_or_media_issue,0.7539075850267536,0.9599320347785589,auto_handle,Intent is suitable for automated handling and a sufficiently similar historical resolution was found.
1986900,ATTENTION. @AppleSupport I️ need assistance. My phone won’t let me type an uppercase i. It shows this symbol instead i https\://t.co/OsQsvJezGB,False,False,app_or_media_issue,0.7291246145303752,0.9348075093815893,auto_handle,Intent is suitable for automated handling and a sufficiently similar historical resolution was found.
2132077,"@AppleSupport doesn't happen with wi-fi. it's the first time that happens. I did not have ""on"" the wifi nor the cellular data, when i turned on the data, it froze for at least 30 mins. (the reset function did not work)",False,False,connectivity_issue,0.9417849105104033,0.9999999999999999,auto_handle,Intent is suitable for automated handling and a sufficiently similar historical resolution was found.
382417,@AppleSupport what is going on with typing the letter I️ and getting A?,False,True,keyboard_input_issue,0.9849102058880683,1.0,escalate,Customer message is too vague to identify the issue with sufficient confidence.
797588,My phone has been turning do not disturb on since the update. Do u know how critical it is 2 have my phone on as a Publicist?-\@AppleSupport,False,False,software_update_issue,0.7744314504972867,1.0000000000000002,auto_handle,Intent is suitable for automated handling and a sufficiently similar historical resolution was found.
2278489,@AppleSupport When I try to record/take pictures with the camera app (both from the lock screen and from the app) it looks blurry and won’t let me capture,False,False,app_or_media_issue,0.41763635029030066,1.0,auto_handle,Intent is suitable for automated handling and a sufficiently similar historical resolution was found.
146783,"Is this a normal behavior I have this since iOS7 on Music App can’t you correct that annoying bug? The bottom is truncated the top bar is overlapping on iPhone 6, 6s. We need to kill the app to correct it. @AppleSupport, this happens randomly https\://t.co/f5N62IylHq",False,False,app_or_media_issue,0.5913637486827495,0.9674684263064295,auto_handle,Intent is suitable for automated handling and a sufficiently similar historical resolution was found.
925608,@AppleSupport Please help my alarm on my iphone isn’t going off when i turn it on i have restarted my phone to see if it would help but it doesn’t,False,True,device_performance_issue,0.6141156222645411,1.0000000000000002,escalate,Customer message is too vague to identify the issue with sufficient confidence.
2255348,um @AppleSupport @115948 can someone explain why an album I preordered and purchased is no longer in my library and doesn’t let me play anything other than previews,False,False,order_sales_issue,0.6458848541808757,1.0,auto_handle,Intent is suitable for automated handling and a sufficiently similar historical resolution was found.
2263467,"@AppleSupport Yes. I thought it was really weird because the first time I added it, it said I couldn’t play it. Then, I deleted it and re-installed it. Now, it works.",False,False,app_or_media_issue,0.5247038981419708,1.0,auto_handle,Intent is suitable for automated handling and a sufficiently similar historical resolution was found.
1666278,"@AppleSupport It only happening on my iPhone 6s and iPad Pro, it still connects to wifi but will often randomly loses connection",False,False,connectivity_issue,0.9850584933236368,1.0000000000000004,auto_handle,Intent is suitable for automated handling and a sufficiently similar historical resolution was found.
2121578,@AppleSupport even with the new update the WiFi / Bluetooth issues persist. Then the podcast app is quite annoying.. no continuous playback??,False,False,connectivity_issue,0.8924423253713136,1.0000000000000002,auto_handle,Intent is suitable for automated handling and a sufficiently similar historical resolution was found.
188563,"I don't get your guys, @AppleSupport ...i goto your store to get help, and they can't help me.  they setup an #AppleCare call and...",True,True,app_or_media_issue,0.37042410167567646,1.0,escalate,Customer message is too vague to identify the issue with sufficient confidence.
919165,@AppleSupport I'm with #iphone7 and updated to 11.0.3 as soon as its available on my device. Thx,True,False,software_update_issue,0.7036472848596976,1.0,auto_handle,Intent is suitable for automated handling and a sufficiently similar historical resolution was found.
2552419,@AppleSupport since upgrading the Apple Watch software the battery drains very quickly,False,False,device_performance_issue,0.7968900492298323,1.0,auto_handle,Intent is suitable for automated handling and a sufficiently similar historical resolution was found.
1744884,"Actualización de iOS 11.1 sucks. @AppleSupport, Traba Llamadas, Se bloque seguido. Hay que reiniciar para que vuelva a funcionar😡😡😡 https\://t.co/WS08VbWZil",True,False,software_update_issue,0.8168704124894831,0.9446777591858616,auto_handle,Intent is suitable for automated handling and a sufficiently similar historical resolution was found.
2520676,@AppleSupport My carrier is AT&amp;T . Also I will follow the steps provided . Thank you,True,False,app_or_media_issue,0.5378130231495617,1.0000000000000002,auto_handle,Intent is suitable for automated handling and a sufficiently similar historical resolution was found.
2512276,"meu passatempo é meu celular, lá tem minhas músicas, minhas frases, meus estudos, meu app do nubank, como que eu vou conseguir ficar sem ? :(  thanks  @AppleSupport @118936",True,False,app_or_media_issue,0.7432449441867146,1.0,auto_handle,Intent is suitable for automated handling and a sufficiently similar historical resolution was found.
2743018,"@AppleSupport you suck so bad. I hate you. Waiting forever for @118721 to load, you never seem to like my recently created password. Then iTunes just hangs, as you can see in this photo.  What a waste of time. https\://t.co/P6cRmsXDbP",True,False,app_or_media_issue,0.5802576507476237,0.9691441627654473,auto_handle,Intent is suitable for automated handling and a sufficiently similar historical resolution was found.
805771,"@AppleSupport 

@16937 

Opening pictures in messenger is buggy. When you click to open then zoom and pan around- it crashes.",False,False,device_performance_issue,0.5920711401310984,1.0,auto_handle,Intent is suitable for automated handling and a sufficiently similar historical resolution was found.
1802384,um….. @AppleSupport why did my lightening cable just melt and burn me when I tried to charge my iPhone SE? https\://t.co/AQQ4oqHh2o,True,True,hardware_accessory_issue,0.5733643140680043,0.9453556122784204,escalate,Message indicates a potentially severe or high-risk situation.
2436025,"@AppleSupport Yes, on my IPhone. I️t tries to autocorrect in iMessage. It also appears on Facebook and Twitter.",False,False,keyboard_input_issue,0.5789035298776576,1.0,auto_handle,Intent is suitable for automated handling and a sufficiently similar historical resolution was found.
603998,@AppleSupport do better,True,True,app_or_media_issue,0.7525469288019133,1.0,escalate,Customer message is too vague to identify the issue with sufficient confidence.
2688164,"@AppleSupport Did that. Still issues. Eg. this morning 38 mins of normal Safari use (no video, etc) and battery is down 27%.",False,False,device_performance_issue,0.8004012631862504,1.0000000000000002,auto_handle,Intent is suitable for automated handling and a sufficiently similar historical resolution was found.
1915729,im soooo over this fucking ios 11 update my phone has dropped more calls because my phone has frozen than EVER before. @AppleSupport,False,False,software_update_issue,0.9818475919074755,1.0,auto_handle,Intent is suitable for automated handling and a sufficiently similar historical resolution was found.
1313930,@AppleSupport I’ve done that. In preserve settings its turned to off. Then I turn it off in the camera. Later I open the camera and it’s on again.,False,False,app_or_media_issue,0.32961048600230664,1.0000000000000002,auto_handle,Intent is suitable for automated handling and a sufficiently similar historical resolution was found.
2816413,@AppleSupport i have vibrate disabled but my phone still vibrates when i use TouchID to make a purchase in the app store help,False,True,app_or_media_issue,0.29830234722456855,1.0000000000000002,escalate,Message indicates a potentially severe or high-risk situation.
1784948,@AppleSupport so is another update coming? This 11.0.2 has ruined my phone. I can’t use iTunes/Apple Music AT ALL,False,False,app_or_media_issue,0.6922942887394045,1.0000000000000002,auto_handle,Intent is suitable for automated handling and a sufficiently similar historical resolution was found.
554747,"@AppleSupport this is the worst bug ever, decided to not update before I go to bed cause I wanted to listen to some podcast (1 am still not affected), woke up to a respringing POS brick... if the charging damages my iPhone X will it be covered?",True,False,software_update_issue,0.3228931887523093,1.0,auto_handle,Intent is suitable for automated handling and a sufficiently similar historical resolution was found.
1547669,@479163 @479164 I️’m not sure but @AppleSupport better fix is ASAP,True,False,app_or_media_issue,0.550155815526736,1.0000000000000002,auto_handle,Intent is suitable for automated handling and a sufficiently similar historical resolution was found.
2472878,.\@AppleSupport tip: iMessage- bring feature to allow you to pin individual or group chats. Thanks.,False,False,app_or_media_issue,0.5720515306727062,1.0,auto_handle,Intent is suitable for automated handling and a sufficiently similar historical resolution was found.
1412721,@AppleSupport Yes my software is fully up to date,True,False,app_or_media_issue,0.6374952193325298,1.0000000000000002,auto_handle,Intent is suitable for automated handling and a sufficiently similar historical resolution was found.
1170838,"@AppleSupport Turning off in control centre, then after do not disturb active in car then deactivated when disconnected the WiFi is back same with APM ✈️",False,False,connectivity_issue,0.9698110214487737,1.0,auto_handle,Intent is suitable for automated handling and a sufficiently similar historical resolution was found.
1727714,"@AppleSupport Put in pairing mode and phone can see it wouldnt connect, reset beats x and tried again no difference, reset bluetooth on phone nothing",False,False,connectivity_issue,0.8971600453833855,0.9999999999999998,auto_handle,Intent is suitable for automated handling and a sufficiently similar historical resolution was found.
1521214,@AppleSupport Just on the phone with Apple support for an hour and a half trying to get on the Apple upgrade plan and no luck. Any help?,True,False,software_update_issue,0.25508568570048396,1.0000000000000002,auto_handle,Intent is suitable for automated handling and a sufficiently similar historical resolution was found.
2014678,@AppleSupport why is it that every time i️ type the letter “i️” it shows the letter “A” and a question mark.,False,False,app_or_media_issue,0.4879344365059906,1.0,auto_handle,Intent is suitable for automated handling and a sufficiently similar historical resolution was found.
284068,@AppleSupport iOS 11.0.2 iPhone 7,True,True,software_update_issue,0.9958172680423336,1.0000000000000002,escalate,Customer message is too vague to identify the issue with sufficient confidence.
2438485,@AppleSupport You know what?! Why I didn’t restart the iphone before tweeting that is beyond me. Seem to be OK now. Thank you!,False,False,device_performance_issue,0.3363419899865983,1.0,auto_handle,Intent is suitable for automated handling and a sufficiently similar historical resolution was found.
491469,@AppleSupport I’m using the 6 Plus right now lol,True,False,app_or_media_issue,0.7096857066027327,1.0000000000000002,auto_handle,Intent is suitable for automated handling and a sufficiently similar historical resolution was found.
1146069,"@AppleSupport Hello,I'm jp.

I think the control menu is nice,but the keyboard deleted good point “simple design”.So can I back default?",False,False,keyboard_input_issue,0.9363324011157551,1.0,auto_handle,Intent is suitable for automated handling and a sufficiently similar historical resolution was found.
2455361,"@AppleSupport Hi team, my dad's been bounced back and forth between Apple Store and Support for an iPhone replacement battery issue. He's spent the entire night talking to different departments to no avail. Could you assist?",True,True,warranty_repair_recycling,0.7401497464367149,1.0000000000000002,escalate,Repair or warranty issue may require case-specific support.
1153803,"@AppleSupport I’ve lived in Houston 20+ years, and can get pretty much everywhere on my own, but I still use Maps every single day to get where I’m going. For reassurance. So fix it!",False,False,app_or_media_issue,0.33141845304753276,1.0,auto_handle,Intent is suitable for automated handling and a sufficiently similar historical resolution was found.
114520,@AppleSupport @6523 @115817,True,True,app_or_media_issue,0.8315054271182506,0.0,escalate,Customer message is too vague to identify the issue with sufficient confidence.
1133626,@318 @AppleSupport Hi.. This happens ALL the time! I’m currently playing a podcast yet the last song shows in control center https\://t.co/fC9gTO6jv7,False,False,app_or_media_issue,0.7446020116655536,0.9336130981332371,auto_handle,Intent is suitable for automated handling and a sufficiently similar historical resolution was found.
